{
"profiles" : [
    {
        "Nome": "Lego Harry Potter",
        "Eta" : "9-14",
        "LinkIstruzioni" : "https://letsbuilditagain.com/instructions/4709/",
        "ImgSrc": "lego-harry-potter.jpg",
        "Tema" : "Harry Potter",
        "Anno_Uscita": "2001",
        "Prezzo" : "399,99 €",
        "id" : "harry-potter"
    },
    {
        "Nome": "Lego Nba",
        "Eta" : "9+",
        "LinkIstruzioni" : "https://letsbuilditagain.com/instructions/3433/",
        "ImgSrc": "lego-nba.jpg",
        "Tema" : "Sports NBA Basketball",
        "Anno_Uscita": "2003",
        "Prezzo" : "99,99 €",
        "id" : "nba"
    },
       {
        "Nome": "Lego Avatar",
        "Eta" : "7+",
        "LinkIstruzioni" : "https://letsbuilditagain.com/instructions/3829/",
        "ImgSrc": "lego-avatar.jpg",
        "Tema" : "Avatar: The Last Airbender",
        "Anno_Uscita": "2006",
        "Prezzo" : "49,99 €",
        "id" : "avatar"
    }

]
}